Person 1,Person 2,Anniversary
Rebecca Woods,Deanna Ryan,1995-09-29
Andrea Anderson,Elizabeth Perez,2023-08-04
Christina Campos,Alexander Everett,2003-12-31
William Schmitt,Kiara Frost,1987-01-06
Alexandria Ballard,Amanda Stanton,2001-01-07
Margaret Diaz,Cory Alvarez,2002-03-29
Kathryn Bennett,Wesley Long,1974-09-27
William Garcia,Connie Williams,1976-07-03
Amy Leon,Courtney Jimenez,1975-11-04
Catherine Cooper,Christopher Frank,1997-11-11
Robert Anderson,Derek Ellis,2022-07-18
Cameron Allen,Cathy Allen,2007-10-14
Alexandra Baxter,Cody Morgan MD,2005-06-12
Stephanie French,Lauren Gutierrez,1981-04-10
Jennifer Huber,Mrs. Jennifer Smith,2008-04-30
Anna Ruiz,Alexandria Ballard,1996-07-09
Carlos Ramirez,Sarah Strickland,1985-08-12
Luis Guzman,Alexander Shaw,1982-07-04
Christopher Rowe,Amy Beltran,1980-03-23
Lisa Taylor,Jimmy Ruiz,2007-01-21
Rebecca Woods,Rachel Poole,2011-03-30
Theresa Ramirez,Richard Hall,2013-03-17
Mr. Anthony Bradley IV,Catherine Cooper,2023-07-02
Melissa Rose,Dr. Brandi Marquez MD,1978-04-05
Elizabeth Perez,Tammie Thomas,2006-02-14
Carrie Howard,Daniel Smith,2021-05-03
Nathaniel Bartlett,Kiara Frost,1979-09-17
